L_set_count,threshold_value,B_vector,percent_positive,percent_negative
2,0.5,"[0.2733271740408614,-1.86738110176121,-1.2304268671529348,1.1260469498847177,0.1915577141568403]",50.00,50.00
